질병명,분류,검색어
감기,호흡기,감기|상기도감염|코감기
독감,호흡기,독감|인플루엔자|flu
알레르기 비염,호흡기·알레르기,비염|알레르기|콧물|재채기
축농증,호흡기,축농증|부비동염
인후통,호흡기·증상,인후통|목통증|목아픔
기침,호흡기·증상,기침|마른기침
가래,호흡기·증상,가래|객담
천식,호흡기,천식|asthma
기관지염,호흡기,기관지염
두통,통증·증상,두통|머리아픔
편두통,통증,편두통|migraine
치통,통증·치과,치통|치아통증
근육통,근골격·통증,근육통|몸살
관절통,근골격·통증,관절통|관절통증
허리통증,근골격·통증,허리통증|요통
목·어깨 통증,근골격·통증,목통증|어깨통증|목어깨
생리통,여성건강·통증,생리통|월경통
소화불량,소화기,소화불량|체함
속쓰림,소화기·증상,속쓰림|위산
위산 역류,소화기,위산역류|역류|역류성식도염
위염,소화기,위염
복통,소화기·증상,복통|배아픔
설사,소화기·증상,설사
변비,소화기,변비
복부 팽만,소화기·증상,복부팽만|가스|더부룩
멀미,소화기·신경,멀미|차멀미
구내염,구강,구내염|입안염증
잇몸염,구강·치과,잇몸염|치은염
결막염,안과,결막염|눈충혈
안구건조증,안과,안구건조|건조한눈
다래끼,안과,다래끼|맥립종
외이도염,이비인후,외이도염|귀염증
중이염,이비인후,중이염
구순포진,피부,구순포진|입술포진|헤르페스
무좀,피부,무좀|백선|발무좀
습진,피부,습진|피부염
접촉성 피부염,피부,접촉성피부염|피부알레르기
두드러기,피부·알레르기,두드러기|urticaria
여드름,피부,여드름|acne
벌레 물림,피부·증상,벌레물림|모기|곤충
가벼운 화상,피부·외상,화상|가벼운화상
상처·찰과상,피부·외상,상처|찰과상|긁힘
고혈압,심혈관,고혈압|혈압
고지혈증,대사·심혈관,고지혈증|이상지질혈증|콜레스테롤
당뇨병,대사,당뇨|당뇨병|diabetes
통풍,대사·관절,통풍|요산
빈혈,혈액,빈혈|철결핍
불면,수면·증상,불면|불면증|잠
어지럼증,신경·증상,어지럼|현기증
비타민·영양 부족,영양,영양부족|비타민|영양
